chrX	147900001	N	25	gggggggggggggGgGgGGGgCGg+1cG	P'S(,ND0SSJS.L;(MSMKO$(*I	147857873,*,147857873,*,*,147857873,147857873,*,147857873,*,*,*,*,*,*,*,*,*,*,*,147857873,*,*,*,*	1,*,1,*,*,1,2,*,1,*,*,*,*,*,*,*,*,*,*,*,2,*,*,*,*
chrX	147901001	N	23	gggggggggGgGgGGGGGgGGgg	SSMRSLCNSKSSSSS33SR?NP8	147857873,*,147857873,*,147857873,147857873,*,147857873,147857873,*,*,*,*,147857873,*,*,147857873,147857873,147857873,*,147857873,*,*	1,*,1,*,1,2,*,1,2,*,*,*,*,1,*,*,2,1,1,*,1,*,*
chrX	147902001	N	20	ggggggggGGGgGgGggggT	SP?SSLSSS*RSSSNS9JS3	147857873,*,147857873,147857873,147857873,*,147857873,147857873,147857873,147857873,147857873,147857873,147857873,*,147857873,*,147857873,*,*,*	1,*,1,1,2,*,1,2,1,2,1,1,1,*,1,*,2,*,*,*
chrX	147903001	N	25	aaaaaaaAAAaAaAaaAaAaaAAaa	SSQCSSJS,LHJSSJSK9).SPP43	147857873,*,147857873,147857873,147857873,147857873,147857873,147857873,147857873,147857873,147857873,147857873,*,147857873,147857873,*,*,147857873,147857873,*,*,*,*,*,147857873	1,*,1,1,2,1,2,1,2,1,1,1,*,1,2,*,*,2,2,*,*,*,*,*,1
chrX	147904001	N	31	ggggggGGGgGgGggGgGgGGgGGGGgGGGG	SQS(IDS@8MSSSLSSK6;H;KHFSBSSS@S	147857873,147857873,147857873,147857873,147857873,147857873,147857873,147857873,147857873,147857873,147857873,*,147857873,147857873,*,*,147857873,147857873,*,*,*,147857873,*,*,*,*,*,147857873,*,*,*	1,1,1,2,1,2,1,2,1,1,1,*,1,2,*,*,2,2,*,*,*,1,*,*,*,*,*,2,*,*,*
chrX	147905001	N	37	aaaaaaAAAaAaAaaAAaAAAAaAaAAAAaAAaaaAa	SSSSSSSSSSKGSSSBSGOGOOSOGSRSSSOKSSSSS	147857873,147857873,147857873,147857873,147857873,147857873,147857873,147857873,147857873,147857873,147857873,*,147857873,147857873,147857873,147857873,*,147857873,*,*,147857873,*,*,*,*,*,147857873,*,147857873,*,*,*,147857873,*,*,*,*	1,1,1,2,1,2,1,2,1,1,1,*,1,2,2,2,*,1,*,*,2,*,*,*,*,*,1,*,2,*,*,*,2,*,*,*,*
chrX	147906001	N	37	ccccccCCCcCCccCcCCCCCcCCccCCCcCcCCCC-1Nc	SSSSSSD<SS?PF@.2SCSSS*87ASCBS4SFSLG,)	147857873,147857873,147857873,147857873,147857873,147857873,147857873,147857873,147857873,147857873,147857873,147857873,147857873,147857873,147857873,147857873,*,*,147857873,*,*,*,147857873,147857873,*,147857873,*,147857873,*,*,*,147857873,147857873,147857873,147857873,147857873,147857873	1,1,1,2,1,2,1,2,1,1,1,1,2,2,2,1,*,*,2,*,*,*,1,2,*,2,*,1,*,*,*,1,2,1,1,2,2
chrX	147907001	N	39	aaaaaaAAAaAAgaAaAAAAAaaAAaA-2NNAAA-1NaaaAaaaaA	IJHGGSNGB:PS)J++IPSSOJSNSG*SS,OISNFS+S:	147857873,147857873,147857873,147857873,147857873,147857873,147857873,147857873,147857873,147857873,147857873,147857873,147857873,147857873,147857873,147857873,*,147857873,*,147857873,147857873,*,147857873,*,147857873,147857873,147857873,147857873,147857873,147857873,147857873,147857873,147857873,147857873,*,147857873,*,147857873,*	1,1,1,2,1,2,1,2,1,1,1,1,2,2,2,1,*,2,*,1,2,*,2,*,1,1,2,1,1,2,2,2,2,2,*,2,*,2,*
chrX	147908001	N	46	aaaaaaAAAaAAaaAaAAAAa*aAAAAaaaAaaAAaaAAAAAGCaA	SSGSSSHKS<E'G6G'(P3H(5S(CS:-SSCSF/%@G;'0'S%)2<	147857873,147857873,147857873,147857873,147857873,147857873,147857873,147857873,147857873,147857873,147857873,147857873,147857873,147857873,147857873,147857873,*,147857873,147857873,147857873,147857873,147857873,147857873,147857873,147857873,147857873,147857873,147857873,147857873,147857873,147857873,147857873,147857873,147857873,147857873,147857873,147857873,147857873,147857873,147857873,147857873,147857873,*,147857873,*,*	1,1,1,2,1,2,1,2,1,1,1,1,2,2,2,1,*,2,1,2,2,1,1,2,1,1,2,2,2,2,2,2,2,1,2,2,2,2,2,2,1,1,*,1,*,*
chrX	147909001	N	46	ggggggGGGGGggGGGGGggGGGgggGgGggGGGgGgGGGGg-1ngggG	SSSSS:S6GBNL4.5SNOGSSSESS)LSSSSPNKSN:M9S,1'%P5	147857873,147857873,147857873,147857873,147857873,147857873,147857873,147857873,147857873,147857873,147857873,147857873,147857873,147857873,*,147857873,147857873,147857873,147857873,147857873,147857873,147857873,147857873,147857873,147857873,147857873,147857873,147857873,147857873,147857873,147857873,147857873,147857873,147857873,*,*,*,*,*,*,*,*,*,*,*,*	1,1,1,2,1,2,1,2,1,1,1,2,2,2,*,2,1,2,2,1,2,1,1,2,2,2,2,2,1,2,2,2,1,1,*,*,*,*,*,*,*,*,*,*,*,*
chrX	147910001	N	42	ccccccCCCCCccCCCcc*CcccCcccCCcCCCCccCcCccC	RGSNNSS)B7.>J/SLHS&S4SE+FSNIBSF?(LSSJS0QOF	147857873,147857873,147857873,147857873,147857873,147857873,147857873,147857873,147857873,147857873,147857873,147857873,147857873,147857873,*,147857873,147857873,147857873,147857873,147857873,147857873,147857873,147857873,147857873,147857873,147857873,147857873,147857873,147857873,*,*,*,*,147857873,*,*,*,*,*,*,*,*	1,1,1,2,1,2,1,2,1,1,1,2,2,2,*,1,2,1,2,1,2,2,2,2,2,2,2,2,1,*,*,*,*,1,*,*,*,*,*,*,*,*
chrX	147911001	N	39	aaaaA*AAA*AaaAAaaaAaaAAaAAAaaAAaAaaaaAa	89BKG&SS55$JSJOSCSSSGLKS&>OLPSOHEN0SS<N	147857873,147857873,147857873,147857873,147857873,147857873,147857873,147857873,147857873,147857873,147857873,147857873,147857873,147857873,147857873,147857873,147857873,147857873,147857873,147857873,147857873,147857873,147857873,*,*,*,147857873,*,*,*,*,*,*,*,*,*,*,*,*	1,1,1,2,1,2,1,1,1,2,1,2,1,2,1,2,2,2,2,2,2,2,1,*,*,*,1,*,*,*,*,*,*,*,*,*,*,*,*
chrX	147912001	N	38	cccCCCCCcCccAcccCccCCcCCcCCcCccccCCccc	MCKS+OK8*SOI,QSS9I+RSDKSS?5SMSDISS&8:B	147857873,147857873,147857873,147857873,147857873,147857873,147857873,147857873,147857873,147857873,147857873,147857873,147857873,147857873,147857873,147857873,147857873,147857873,147857873,147857873,147857873,*,*,147857873,*,*,*,*,*,*,*,*,*,*,*,147857873,147857873,147857873	1,1,2,1,2,1,1,1,2,1,2,1,2,2,2,2,2,2,2,2,1,*,*,1,*,*,*,*,*,*,*,*,*,*,*,2,1,2
chrX	147913001	N	44	tttTGTTTtTtTtttTttTTtTTtTTTtttTTttttTTTTtTTt	NO8S)H9SDKLI:SRGMMMSO(PS<ISNSRE@MNK).SIJAIF4	147857873,147857873,147857873,147857873,147857873,147857873,147857873,147857873,147857873,147857873,147857873,147857873,147857873,147857873,147857873,147857873,147857873,147857873,147857873,147857873,*,*,147857873,*,*,*,*,*,*,*,*,*,147857873,147857873,147857873,*,*,*,*,*,147857873,*,*,*	1,1,2,1,2,1,1,1,2,1,2,2,2,2,2,2,2,2,2,1,*,*,1,*,*,*,*,*,*,*,*,*,2,1,2,*,*,*,*,*,1,*,*,*
chrX	147914001	N	40	tttTTTTtTtTtttTttTTtTTtTTTtTTtttTTtTtTTT	SQS9*D;LJS>QSQEOLSSJ=SSSQROFISSQ=KH;M@S'	147857873,147857873,147857873,147857873,147857873,147857873,147857873,147857873,147857873,147857873,147857873,147857873,147857873,147857873,147857873,147857873,147857873,147857873,147857873,*,*,147857873,*,*,*,*,*,*,*,147857873,147857873,147857873,*,*,147857873,*,*,*,*,*	1,1,2,1,2,1,1,2,1,2,2,2,2,2,2,2,2,2,1,*,*,1,*,*,*,*,*,*,*,2,1,2,*,*,1,*,*,*,*,*
chrX	147915001	N	34	aaAAAAaAaAaaaaAaAAaAAAaaaAaAaaAAaA	SRS?SSSGPSSSSKSJ0FISDSSFSJJ7S0CSSS	147857873,147857873,147857873,147857873,147857873,147857873,147857873,147857873,147857873,147857873,147857873,147857873,147857873,147857873,147857873,*,*,147857873,*,*,*,*,147857873,147857873,147857873,*,147857873,*,*,*,*,147857873,*,*	1,2,1,2,1,1,2,1,2,2,2,2,2,2,1,*,*,1,*,*,*,*,2,1,2,*,1,*,*,*,*,2,*,*
chrX	147916001	N	30	ggGGGgGgggggGGGggggGgGGGggggGG	SS7JM>SSSSSSSSJHFSSQ0SSMSSSSGI	147857873,147857873,147857873,147857873,147857873,147857873,147857873,147857873,147857873,147857873,147857873,147857873,147857873,147857873,*,147857873,147857873,147857873,147857873,*,*,*,147857873,*,*,147857873,*,*,147857873,147857873	1,2,2,1,1,2,1,2,2,2,2,2,1,1,*,2,1,2,1,*,*,*,2,*,*,2,*,*,2,1
chrX	147917001	N	34	ggGGggggggGGggggGGgggGGgggGgGGGGgG	PSLSFSSSSMSSMSSSSPSSSLSS0-OSQMGPSL	147857873,147857873,147857873,147857873,147857873,147857873,147857873,147857873,147857873,147857873,147857873,147857873,147857873,147857873,147857873,147857873,*,147857873,*,147857873,*,147857873,147857873,*,*,*,*,147857873,*,147857873,*,*,*,*	1,2,1,1,2,2,2,2,2,2,1,1,2,1,2,1,*,2,*,2,*,2,1,*,*,*,*,1,*,1,*,*,*,*
chrX	147918001	N	40	gGGgggggGGggggGGggGGGgGGGgGGGgGgGggGGgGg	--+4OFRKNLJCKQ1FDSK9,KLAC730;&,J>SJC,M)K	147857873,147857873,147857873,147857873,147857873,147857873,147857873,147857873,147857873,147857873,147857873,147857873,147857873,147857873,*,147857873,*,147857873,147857873,147857873,*,147857873,*,147857873,*,*,*,*,*,*,*,*,147857873,*,147857873,*,147857873,*,*,*	2,1,1,2,2,2,2,2,1,1,2,1,2,1,*,2,*,2,2,1,*,1,*,1,*,*,*,*,*,*,*,*,2,*,2,*,1,*,*,*
chrX	147919001	N	40	cCCcccccCCccccCCccCCcCCCcCcCcc$CcccccccCC	MGDHS+SASSSSSISSSSHISSSQSSMSSJAQSSNL(2SS	147857873,147857873,147857873,147857873,147857873,147857873,147857873,147857873,147857873,147857873,147857873,147857873,147857873,147857873,*,147857873,*,147857873,147857873,147857873,147857873,*,147857873,147857873,147857873,147857873,*,*,*,*,*,147857873,*,*,147857873,147857873,*,147857873,147857873,147857873	2,1,1,2,2,2,2,2,1,1,2,1,2,1,*,2,*,2,2,1,1,*,1,2,2,1,*,*,*,*,*,1,*,*,2,1,*,2,2,1
chrX	147920001	N	41	cC+1TCcccccCCccccCCcCCcCCcCcccccccCC+4CTGTcCC-1NCctcc	S(.KSSSMSSSSSSSDSOSS6SSSSSS:SLRS'S')AS&JS	147857873,147857873,147857873,147857873,147857873,147857873,147857873,147857873,147857873,147857873,147857873,147857873,147857873,147857873,*,147857873,147857873,147857873,147857873,147857873,147857873,147857873,147857873,147857873,*,147857873,*,*,147857873,147857873,147857873,147857873,147857873,147857873,*,*,147857873,*,*,*,*	2,1,1,2,2,2,2,2,1,1,2,1,2,1,*,2,2,2,1,1,1,2,2,1,*,1,*,*,2,1,2,2,1,1,*,*,2,*,*,*,*
chrX	147921001	N	48	gGGgggggGGggggGgGGgGGgGggggGGgAGggGgggGggGGCgGgg	S'5DS:SNCNGSF>6S.SSS0GMSA6*QS1(LSC<S,*S(S/R*9B>*	147857873,147857873,147857873,147857873,147857873,147857873,147857873,147857873,147857873,147857873,147857873,147857873,147857873,147857873,147857873,147857873,147857873,147857873,147857873,147857873,147857873,147857873,147857873,147857873,147857873,147857873,147857873,147857873,147857873,147857873,*,147857873,*,*,*,147857873,*,*,147857873,*,147857873,147857873,147857873,147857873,147857873,147857873,147857873,147857873	2,1,1,2,2,2,2,2,1,1,2,1,2,1,2,2,2,1,1,1,2,2,1,1,2,1,2,2,1,1,*,2,*,*,*,1,*,*,2,*,1,2,2,2,2,2,2,2
chrX	147922001	N	49	tTTtttttTTttttTtTtTTTttttTTtTTtTtTTtTttTtTtTTTttg	,ISHSORHSSSRO7SRSPS5SJRS+SSR'SFSSSSS@SOSSLOSSCSS&	147857873,147857873,147857873,147857873,147857873,147857873,147857873,147857873,147857873,147857873,147857873,147857873,147857873,147857873,147857873,147857873,147857873,147857873,147857873,147857873,147857873,147857873,147857873,147857873,147857873,147857873,147857873,147857873,*,147857873,147857873,147857873,147857873,147857873,147857873,147857873,147857873,147857873,147857873,147857873,147857873,*,*,*,147857873,*,*,*,*	2,1,1,2,2,2,2,2,1,1,2,1,2,1,2,2,2,1,1,2,1,1,2,1,2,2,1,1,*,2,1,2,1,2,2,2,2,1,1,2,1,*,*,*,2,*,*,*,*
chrX	147923001	N	48	gGGgggggGGgggGGGGGggggGgGGgGGGggGGgGGGgGGg+1tGggGGG	MSCFSI.IPPSGSOSMSQHSG(9F2HSSSSJ=GOO?7(HGP,PFSMSS	147857873,147857873,147857873,147857873,147857873,147857873,147857873,147857873,147857873,147857873,147857873,147857873,147857873,147857873,147857873,147857873,147857873,147857873,147857873,147857873,147857873,147857873,147857873,147857873,*,147857873,147857873,147857873,147857873,147857873,147857873,147857873,*,147857873,*,*,*,147857873,147857873,*,147857873,*,147857873,*,147857873,*,147857873,*	2,1,1,2,2,2,2,2,1,1,1,2,1,2,2,1,2,1,1,2,1,2,1,1,*,2,1,2,2,2,2,1,*,2,*,*,*,1,1,*,1,*,2,*,1,*,1,*
chrX	147924001	N	52	gGGggggGGgggGGGGGgggGgGGGGGggGGGgGGggGggggggggGgGgGg	E@B?CICHSSAASSM6SFS4)S0FPHS;OKIISHQMLLG<)C;S'SK)SCS,	147857873,147857873,147857873,147857873,147857873,147857873,147857873,147857873,147857873,147857873,147857873,147857873,147857873,147857873,147857873,147857873,147857873,147857873,147857873,147857873,147857873,147857873,*,147857873,147857873,147857873,147857873,147857873,147857873,147857873,*,147857873,147857873,147857873,147857873,*,147857873,147857873,*,*,*,147857873,*,147857873,*,*,*,147857873,*,*,147857873,*	2,1,1,2,2,2,2,1,1,1,2,1,2,2,1,2,1,2,1,2,1,1,*,2,2,2,2,2,1,2,*,1,1,1,2,*,1,1,*,*,*,1,*,1,*,*,*,1,*,*,2,*
chrX	147925001	N	49	cCcccCccCCCCCccccCCCCcCCcCCccCcgccccCcCccCCcGCcCC	SSSHSFS@SFM;SNS(S(QHOSS(GS,SSO(-8SFJSGKSSL=D)SS/-	147857873,147857873,147857873,147857873,147857873,147857873,147857873,147857873,147857873,147857873,147857873,147857873,147857873,147857873,147857873,147857873,147857873,*,147857873,147857873,147857873,147857873,147857873,147857873,147857873,147857873,147857873,*,147857873,147857873,*,147857873,147857873,*,147857873,*,147857873,*,*,147857873,147857873,147857873,*,147857873,*,147857873,*,*,147857873	2,1,2,2,2,1,1,1,2,2,1,2,1,2,1,2,1,*,2,2,2,1,2,1,1,1,2,*,1,1,*,1,1,*,1,*,2,*,*,1,2,1,*,2,*,2,*,*,2
chrX	147926001	N	45	aAaaAaaAAAAaaaaAAAAaAA*AAaaAaaaaAaaAaAAAAaaAA	KSOSSSHSSSSDA+J)@S=SSS*SNLSSSPS.SKJSCSSSS*PSS	147857873,147857873,147857873,147857873,147857873,147857873,147857873,147857873,147857873,147857873,147857873,147857873,147857873,147857873,147857873,*,147857873,147857873,147857873,147857873,147857873,147857873,147857873,147857873,147857873,*,147857873,147857873,*,147857873,147857873,147857873,147857873,147857873,147857873,147857873,147857873,147857873,147857873,147857873,147857873,*,*,*,*	2,1,2,2,1,1,1,2,1,2,1,2,1,2,1,*,2,2,2,1,2,1,1,1,2,*,1,1,*,1,1,1,2,1,2,1,2,2,2,2,1,*,*,*,*
chrX	147927001	N	44	cCccCccCCCCcccCCCCCCcCcccCccCcCCCCcccCccCcCc	S'/SSN*H=SEJ.<-SSLSP=F9S2S<LS7SSS:S@LSQBJ7%S	147857873,147857873,147857873,147857873,147857873,147857873,147857873,147857873,147857873,147857873,147857873,147857873,147857873,147857873,*,147857873,147857873,147857873,147857873,147857873,147857873,147857873,147857873,147857873,147857873,147857873,147857873,147857873,147857873,147857873,147857873,147857873,147857873,147857873,147857873,147857873,147857873,147857873,147857873,147857873,147857873,*,*,*	2,1,2,2,1,1,1,2,1,2,1,2,2,1,*,2,2,2,1,2,1,1,1,1,1,2,1,2,1,2,2,2,2,1,2,2,1,1,1,2,1,*,*,*
chrX	147928001	N	42	aAaaaAAAAaaAAAAAaAaaAaAaAAAaAAaaaAAAAaAaAa	BLLSSPS.SS**CSSLSASOSFPE@KSIMMSN:SRSG(:S@(	147857873,147857873,147857873,147857873,147857873,147857873,147857873,147857873,147857873,147857873,147857873,*,147857873,147857873,147857873,147857873,147857873,147857873,147857873,147857873,147857873,147857873,147857873,147857873,147857873,147857873,147857873,147857873,147857873,147857873,*,*,*,*,*,*,*,*,*,147857873,*,*	2,1,2,1,1,2,1,2,1,2,2,*,2,2,1,2,1,1,1,1,2,1,1,2,2,2,2,2,1,1,*,*,*,*,*,*,*,*,*,2,*,*
chrX	147929001	N	43	GgggGGGGggGGGGgGggGggGGGgGgggGGGgCGGgGgagGG	SOSQ&SNSB6SSS28SKHSHSHSSSSPSSSS8S&LC:)Q$FS&	147857873,147857873,147857873,147857873,147857873,147857873,147857873,147857873,147857873,147857873,147857873,147857873,147857873,147857873,147857873,147857873,147857873,147857873,147857873,147857873,147857873,147857873,147857873,147857873,147857873,147857873,*,*,*,*,*,*,147857873,*,*,*,*,*,*,*,*,*,*	1,2,1,1,2,1,2,1,2,2,2,2,1,2,1,1,1,1,2,1,2,2,2,2,2,1,*,*,*,*,*,*,2,*,*,*,*,*,*,*,*,*,*
chrX	147930001	N	39	AccCCCCccCCCCcCccCccC*GccCcCCCcCcCcCccC	&SD'O2S32LSKIPSS3HISG(+J-%SSHM.PGOSH:>5	147857873,147857873,147857873,147857873,147857873,147857873,147857873,147857873,147857873,147857873,147857873,147857873,147857873,147857873,147857873,147857873,147857873,147857873,147857873,147857873,147857873,147857873,147857873,*,*,*,147857873,*,*,*,*,*,*,*,*,*,*,*,*	1,2,1,2,1,2,1,2,2,2,2,1,2,1,1,1,1,2,1,2,2,2,1,*,*,*,2,*,*,*,*,*,*,*,*,*,*,*,*
chrX	147931001	N	43	AaaAAAAaa-2nnAAAAaA-1NaaAaa-1nAAaAaAAAaAaaaaaaAaaAaaA	ES;SSS1S'SSN7J:D'SS%SQ=ESLSSGSSSC:B1SSFISSS	147857873,147857873,147857873,147857873,147857873,147857873,147857873,147857873,147857873,147857873,147857873,147857873,147857873,147857873,147857873,147857873,147857873,147857873,147857873,147857873,147857873,147857873,*,*,147857873,*,*,*,*,*,*,*,*,*,*,*,*,*,*,*,*,147857873,*	1,2,1,2,1,2,1,2,2,2,2,1,2,1,1,1,1,2,1,2,2,1,*,*,2,*,*,*,*,*,*,*,*,*,*,*,*,*,*,*,*,1,*
chrX	147932001	N	45	AaaAAAAaAAAAaaaAaaAAaaAAaaaaAaaaAaA*aaAaaaaaa	ISSHM6GLFLK9SJ,SSIQKSSSRSSS7OSLSGL=/L;2SSOGLS	147857873,147857873,147857873,147857873,147857873,147857873,147857873,147857873,147857873,147857873,147857873,147857873,147857873,147857873,147857873,147857873,147857873,147857873,147857873,147857873,*,147857873,*,*,*,*,*,*,*,*,*,147857873,*,*,*,*,147857873,*,*,*,*,*,*,*,*	1,2,1,2,1,2,1,2,2,2,1,2,1,1,1,2,1,2,2,1,*,2,*,*,*,*,*,*,*,*,*,1,*,*,*,*,2,*,*,*,*,*,*,*,*
chrX	147933001	N	43	ttTTTTtTTTTtttTttTTttTTtttTttttTttTttTTTTTT	SMSSLSSSISQSP2SJSRMKSSNSSNLJSKLSPCSS.J4NQS:	147857873,147857873,147857873,147857873,147857873,147857873,147857873,147857873,147857873,147857873,147857873,147857873,147857873,147857873,147857873,147857873,147857873,147857873,147857873,*,147857873,*,*,*,*,*,*,*,*,147857873,*,*,147857873,*,*,*,*,147857873,*,*,*,*,147857873	2,1,2,1,2,1,2,2,2,1,2,1,1,1,2,1,2,2,1,*,2,*,*,*,*,*,*,*,*,1,*,*,2,*,*,*,*,2,*,*,*,*,2
chrX	147934001	N	41	ggGGGGgGGGGgggGgGggGGggggggGgggGGGGgGggGg	SSSKLDSQGSDSGJPSSGSSNSSS8SSQSSBSJSO?I%SES	147857873,147857873,147857873,147857873,147857873,147857873,147857873,147857873,147857873,147857873,147857873,147857873,147857873,147857873,147857873,147857873,147857873,*,147857873,*,*,*,*,*,*,147857873,*,*,147857873,*,*,147857873,*,*,147857873,*,*,*,*,*,*	2,1,2,1,2,1,2,2,2,1,2,1,1,1,2,1,2,*,2,*,*,*,*,*,*,1,*,*,2,*,*,2,*,*,2,*,*,*,*,*,*
chrX	147935001	N	44	aAAAAaAAAAaaAaAaAaaaaaAaaAAAaaaa-2nnaAgAgAaAaGaa	S*:ESSSNSAL8SSFJLJSL9SHSS1SSSSB'SS*S*,SPS'I<	147857873,147857873,147857873,147857873,147857873,147857873,147857873,147857873,147857873,147857873,147857873,147857873,147857873,147857873,147857873,147857873,*,*,*,*,*,147857873,*,147857873,*,147857873,*,147857873,*,*,*,*,*,*,*,*,*,147857873,147857873,*,*,*,*,*	1,2,1,2,1,2,2,2,1,2,1,1,2,1,2,2,*,*,*,*,*,1,*,2,*,2,*,2,*,*,*,*,*,*,*,*,*,1,1,*,*,*,*,*
chrX	147936001	N	44	gGGG-1NGgGGGggGgGgGggggggGGGgggGgGggGgGgggg$gggg	SAMLN>OLKS9OSSSBSSSFSSNS9SSG*ISSHMK.SJSH-ESS	147857873,147857873,147857873,147857873,147857873,147857873,147857873,147857873,147857873,147857873,147857873,147857873,147857873,147857873,147857873,*,*,*,*,*,147857873,147857873,147857873,*,147857873,*,*,*,147857873,147857873,*,*,*,147857873,*,*,147857873,*,*,*,*,*,147857873,147857873	1,2,1,2,1,2,2,1,2,1,1,2,1,2,2,*,*,*,*,*,1,2,2,*,2,*,*,*,1,1,*,*,*,1,*,*,2,*,*,*,*,*,1,2
chrX	147937001	N	45	tCCCcCCCcCcCccccccCCCCcCccCCcccccCcCCCCcccCCc	6R<NL*S)<PSSKN7SHPMN-9RIFJS%ISSG(SS,FI?SOLDSE	147857873,147857873,147857873,147857873,147857873,147857873,147857873,147857873,147857873,147857873,147857873,147857873,147857873,*,*,*,147857873,147857873,147857873,*,147857873,147857873,147857873,*,*,*,147857873,*,147857873,*,147857873,147857873,147857873,*,*,*,*,147857873,*,*,*,*,147857873,*,*	1,1,2,1,2,2,1,2,1,2,1,2,2,*,*,*,1,2,2,*,2,1,1,*,*,*,1,*,2,*,1,2,1,*,*,*,*,1,*,*,*,*,1,*,*
chrX	147938001	N	46	tTTTtTTTtTtTttttttTTTttTTttttTTTTTtTTTtTTTTtTt	&SSSLSS8KSSSLJORJSC1HL>S/Q9S'2SSSSLSHS'S/ASSSS	147857873,147857873,147857873,147857873,147857873,147857873,147857873,147857873,147857873,147857873,147857873,147857873,147857873,*,*,*,147857873,147857873,147857873,147857873,147857873,147857873,*,147857873,*,147857873,147857873,147857873,147857873,*,147857873,147857873,*,147857873,*,*,*,*,*,147857873,*,147857873,*,*,147857873,147857873	1,1,2,1,2,2,1,2,1,2,1,2,2,*,*,*,1,2,2,2,1,1,*,1,*,2,1,2,1,*,1,1,*,1,*,*,*,*,*,2,*,1,*,*,1,1
chrX	147939001	N	50	aAAAaAAaAaAaaaaAAAaAaaaaAAAAAAAAAAAaaA*aAaaAAaaAaa	NS<SM?A@SBFSESSB3/KS<*N2S+S@PS=9SSH=>J*'SB4SD'SM(S	147857873,147857873,147857873,147857873,147857873,147857873,147857873,147857873,147857873,147857873,147857873,147857873,*,147857873,147857873,147857873,147857873,147857873,147857873,147857873,147857873,147857873,147857873,147857873,147857873,147857873,*,147857873,*,*,*,147857873,147857873,*,147857873,147857873,*,147857873,*,*,147857873,147857873,*,*,*,*,147857873,147857873,147857873,147857873	1,1,2,1,2,2,2,1,2,1,2,2,*,1,2,2,2,1,1,1,2,1,2,1,1,1,*,1,*,*,*,2,1,*,1,1,*,1,*,*,1,2,*,*,*,*,1,1,2,1
chrX	147940001	N	53	aAAAaAAaAaaaAAAaAaaaaAAAAAAAAAaAAaAaAaaAaAaAaAAaaAaaa	?SSSNSS;SSPHSSSISKSPKSSSSSSSLSLSG1S@SSPSISSJISI8DDMS1	147857873,147857873,147857873,147857873,147857873,147857873,147857873,147857873,147857873,147857873,147857873,147857873,147857873,147857873,147857873,147857873,147857873,147857873,147857873,147857873,147857873,147857873,147857873,*,147857873,*,*,147857873,147857873,147857873,147857873,147857873,147857873,147857873,*,147857873,147857873,147857873,147857873,*,*,147857873,*,*,147857873,147857873,*,147857873,*,*,*,147857873,*	1,1,2,1,2,2,2,1,2,2,1,2,2,2,1,1,1,2,1,2,1,1,1,*,1,*,*,2,1,1,1,1,1,2,*,1,1,2,1,*,*,1,*,*,2,1,*,2,*,*,*,1,*
chrX	147941001	N	43	c+1tCCcCCcCccCCCcCccccCCCCCcCCccCccCcCccCcCCCC	3C-FSL<MSFP61DSSSS-SS0@SL.:(F:BS)IS9?S8K1QM	147857873,147857873,147857873,147857873,147857873,147857873,147857873,147857873,147857873,147857873,147857873,147857873,147857873,147857873,147857873,147857873,147857873,147857873,147857873,147857873,147857873,147857873,147857873,147857873,147857873,147857873,147857873,147857873,147857873,147857873,147857873,147857873,147857873,147857873,147857873,147857873,147857873,147857873,147857873,147857873,147857873,147857873,147857873	1,1,2,2,2,2,1,2,1,2,2,2,1,1,1,2,1,2,1,1,1,2,1,1,1,1,1,2,1,1,2,1,1,2,1,2,1,1,2,2,2,1,1
chrX	147942001	N	38	tTTtTTtTtTTTtttTTTTtTttTtTtTtTTTttTTTT	SS8SSO2SNS(SSSSLFS/SSM/SNJQHSSSSSS&SLN	147857873,147857873,147857873,147857873,147857873,147857873,147857873,147857873,147857873,147857873,147857873,147857873,147857873,147857873,147857873,147857873,147857873,147857873,147857873,147857873,147857873,147857873,147857873,147857873,147857873,147857873,147857873,147857873,147857873,147857873,147857873,*,147857873,*,*,*,*,*	1,1,2,2,2,2,1,2,2,2,2,1,1,2,1,1,2,1,1,1,1,2,1,1,1,1,2,1,1,1,2,*,1,*,*,*,*,*
chrX	147943001	N	38	aAAaAA*AaAAaaAAAAaTaaAaAaAaaaAAaAAAAAa	MSEPSK%SR(S@NSSSSO(3SSJSSSMNOSSSSDSSNO	147857873,147857873,147857873,147857873,147857873,147857873,147857873,147857873,147857873,147857873,147857873,147857873,147857873,147857873,147857873,147857873,147857873,147857873,147857873,147857873,147857873,147857873,147857873,147857873,147857873,147857873,147857873,147857873,*,*,*,*,*,*,*,*,*,*	1,1,2,2,2,2,1,2,2,2,1,1,1,1,2,1,1,1,1,2,1,1,1,1,2,1,1,1,*,*,*,*,*,*,*,*,*,*
chrX	147944001	N	34	AAaAAaAaAAaAAAAaAaaaaaAaAAAaAaAAaA	S7GSG:SS(FSSGASMELHKQPSJ/SFESKSS*S	147857873,147857873,147857873,147857873,147857873,147857873,147857873,147857873,147857873,147857873,147857873,147857873,147857873,147857873,147857873,147857873,147857873,147857873,147857873,147857873,147857873,*,*,*,*,*,*,*,*,*,*,*,*,*	1,2,2,2,2,1,2,2,2,1,1,1,2,1,1,1,1,1,2,1,1,*,*,*,*,*,*,*,*,*,*,*,*,*
chrX	147945001	N	41	GGgGGgGGGgGGGgGgggggGgGgGgGggggGgGGGGGGGg	S?CDK3?)J=KEPFDE?MFJMOG0SRB9QJ-MP<SIFSM3I	147857873,147857873,147857873,147857873,147857873,147857873,147857873,147857873,147857873,147857873,147857873,147857873,147857873,147857873,147857873,147857873,147857873,147857873,147857873,*,*,*,*,*,*,*,*,*,*,*,*,147857873,*,*,*,147857873,*,*,*,*,*	1,2,2,2,2,1,2,2,1,1,2,1,1,1,1,1,2,1,1,*,*,*,*,*,*,*,*,*,*,*,*,2,*,*,*,1,*,*,*,*,*
chrX	147946001	N	45	TTtTtTTTtTTTtTttttTtTtTTtttTTTTTTTTtCtTTtTtTT	SNSSCS;SSMISSIOSSQSSSSSSSR0SSSSSSSSS&+SSSJEEA	147857873,147857873,147857873,147857873,147857873,147857873,147857873,147857873,147857873,147857873,147857873,147857873,147857873,147857873,147857873,147857873,147857873,*,*,*,*,*,*,*,*,*,*,147857873,*,*,147857873,*,*,*,*,*,147857873,*,*,*,*,*,*,*,147857873	1,2,2,2,1,2,2,1,1,2,1,1,1,1,2,1,1,*,*,*,*,*,*,*,*,*,*,2,*,*,1,*,*,*,*,*,2,*,*,*,*,*,*,*,2
chrX	147947001	N	43	AAaAaAAAaAAaAaaaAaaaaaAAAAAAAAaaAaa+1cAaAaAAAa	S@SR;SPSBRQSMSSSSSSSS7SDAPSPSSS=QS1QSS3SS:S	147857873,147857873,147857873,147857873,147857873,147857873,147857873,147857873,147857873,147857873,147857873,147857873,147857873,147857873,147857873,147857873,*,*,*,*,*,*,147857873,*,147857873,*,*,*,147857873,*,*,*,147857873,*,*,*,*,*,*,*,*,*,*	1,2,2,2,1,2,2,1,1,2,1,1,1,2,1,1,*,*,*,*,*,*,2,*,1,*,*,*,2,*,*,*,2,*,*,*,*,*,*,*,*,*,*
chrX	147948001	N	39	TTtTtTTTtTTtTttttttTTTTTTTTTTtTtTtTttTT	S+SGSS+SEHF8BSSS1S*SJAD.IA5S8SDS++'S<L*	147857873,147857873,147857873,147857873,147857873,147857873,147857873,147857873,147857873,147857873,147857873,147857873,147857873,147857873,147857873,147857873,*,*,*,147857873,*,147857873,*,*,*,147857873,147857873,*,*,*,*,*,*,*,*,*,*,*,*	1,2,2,2,1,2,2,1,1,2,1,1,1,2,1,1,*,*,*,2,*,1,*,*,*,2,2,*,*,*,*,*,*,*,*,*,*,*,*
chrX	147949001	N	33	GgGgGGgGGGggggGG+1CGGGGGGGGgGggggGGg	ISGBESSSSQLSSES6SSSSSSSSPS8SOIHS>	147857873,147857873,147857873,147857873,147857873,147857873,147857873,147857873,147857873,147857873,147857873,147857873,147857873,*,147857873,*,147857873,*,*,*,147857873,147857873,*,*,*,*,147857873,*,147857873,*,*,147857873,*	2,2,2,1,2,1,1,2,1,1,2,1,1,*,2,*,1,*,*,*,2,2,*,*,*,*,2,*,1,*,*,2,*
chrX	147950001	N	32	GggGGgGGGgggGG+1AGGGGGGggaG+1AgGGG+2AAgGgG	EIC+D1@IM;FF<5GJ:4S@-<2%>S2&B?JC	147857873,147857873,147857873,147857873,147857873,147857873,147857873,147857873,147857873,147857873,147857873,*,147857873,*,147857873,*,*,147857873,147857873,*,*,147857873,147857873,147857873,*,*,147857873,147857873,*,147857873,147857873,*	2,2,1,2,1,1,2,1,1,1,1,*,2,*,1,*,*,2,2,*,*,2,1,2,*,*,1,2,*,2,1,*
chrX	147951001	N	34	CccCCcCCcccCCCCCCCccCCCCcCCccCcTcc	JE'SSNSIOSLS6SSLHSI.&S:FS=SNKSS(IO	147857873,147857873,147857873,147857873,147857873,147857873,147857873,147857873,147857873,147857873,*,147857873,*,147857873,*,*,147857873,147857873,147857873,147857873,147857873,147857873,147857873,147857873,147857873,147857873,*,147857873,*,*,147857873,*,*,*	2,2,1,2,1,1,1,1,1,1,*,2,*,1,*,*,2,2,2,1,2,1,2,2,1,2,*,1,*,*,1,*,*,*
chrX	147952001	N	35	AaAAaAAaaAAAAAaaAAAAaAAaAaaaAAaaa*a	NHSMSSDSSSSMLO1SCSHPSSSS;SSJNPRSK(.	147857873,147857873,147857873,147857873,147857873,147857873,147857873,147857873,147857873,147857873,147857873,*,147857873,147857873,147857873,147857873,147857873,147857873,147857873,147857873,147857873,147857873,*,147857873,*,147857873,*,147857873,147857873,147857873,147857873,147857873,147857873,147857873,147857873	2,2,2,1,1,1,1,1,1,2,1,*,2,2,2,1,2,1,2,2,1,2,*,1,*,1,*,2,1,2,1,2,1,1,2
chrX	147953001	N	40	TtTTtTTttTTTTttTTTTtTtttTTtttTtTTTttTtTT	SSJLSS5GS>G;?OJLFH:LSFSSSIISS3$HKSP,'?C(	147857873,147857873,147857873,147857873,147857873,147857873,147857873,147857873,147857873,147857873,147857873,147857873,147857873,147857873,147857873,147857873,147857873,147857873,147857873,147857873,147857873,147857873,147857873,147857873,147857873,147857873,147857873,147857873,147857873,147857873,147857873,147857873,147857873,147857873,147857873,147857873,147857873,*,147857873,*	2,2,2,1,1,1,1,1,1,2,1,2,2,2,1,2,1,2,2,1,2,1,1,2,1,2,1,2,1,1,2,1,2,1,1,1,1,*,2,*
chrX	147954001	N	39	GgGGgGGggGGGGggGgGggGGgggG*GggGggGGGgGG	SE85SS*9;SLHS:S8SFLMSSS(DS(SLSSSSS-CSSA	147857873,147857873,147857873,147857873,147857873,147857873,147857873,147857873,147857873,147857873,147857873,147857873,147857873,147857873,147857873,147857873,147857873,147857873,147857873,147857873,147857873,147857873,147857873,147857873,147857873,147857873,147857873,147857873,*,147857873,147857873,147857873,147857873,*,*,*,*,*,*	2,2,2,1,1,1,1,1,1,2,1,2,2,2,1,2,1,2,1,1,1,2,1,1,2,1,1,2,*,1,1,2,2,*,*,*,*,*,*
chrX	147955001	N	43	AaGAaAAaaAGAaaAaAaaA*aaaCAAaaAaa*AaTAAaaAaa	C1)J;S'CSE&J.S/SHSBL'?SF()GS@SSS)(S3='S-G1B	147857873,147857873,147857873,147857873,147857873,147857873,147857873,147857873,147857873,147857873,147857873,147857873,147857873,147857873,147857873,147857873,147857873,147857873,147857873,147857873,147857873,147857873,147857873,147857873,147857873,147857873,147857873,*,147857873,147857873,147857873,147857873,*,*,147857873,*,147857873,*,147857873,*,*,*,*	2,2,2,1,1,1,1,1,1,1,2,2,2,1,2,1,2,1,1,1,2,1,1,2,1,1,2,*,1,1,2,2,*,*,1,*,2,*,2,*,*,*,*
chrX	147956001	N	38	AaAAaAAaaACAaaaAaaaaAAAaAaaAaAaaAAaaa-1nA	5S8HSAJGSL*K:@SNSSHIH-NSC8FDSNSSJSSN*/	147857873,147857873,147857873,147857873,147857873,147857873,147857873,147857873,147857873,147857873,147857873,147857873,147857873,147857873,147857873,147857873,147857873,147857873,147857873,147857873,147857873,147857873,147857873,147857873,147857873,147857873,147857873,*,147857873,147857873,147857873,*,147857873,147857873,*,*,147857873,147857873	2,2,2,1,1,1,1,1,1,1,2,2,2,1,1,2,1,1,1,2,1,1,2,1,1,2,2,*,1,2,2,*,2,2,*,*,1,2
chrX	147957001	N	39	GgGGgGGgGGGggGggGGGgGgggGgGGgGggGgGggGG	@Q3&JF:S61S4SSJ(1*SL5SSKSS:S&((SS,0G3IS	147857873,147857873,147857873,147857873,147857873,147857873,147857873,147857873,147857873,147857873,147857873,147857873,147857873,147857873,147857873,147857873,147857873,147857873,147857873,147857873,147857873,147857873,147857873,147857873,147857873,147857873,147857873,147857873,147857873,147857873,147857873,147857873,147857873,*,147857873,147857873,147857873,147857873,147857873	2,2,2,1,1,1,1,1,1,2,2,2,1,2,1,2,1,1,2,1,1,2,2,1,2,2,2,2,1,2,2,2,2,*,1,2,1,2,1
chrX	147958001	N	33	TT-3NNNTtTTTttTtTTTtTtttTttTtttTTTTTTt	?+(I2K5.DB(=*E5BJ'S-I&9SJKBIS/L2@	147857873,147857873,147857873,147857873,147857873,147857873,147857873,147857873,147857873,147857873,147857873,147857873,147857873,147857873,147857873,147857873,147857873,147857873,147857873,147857873,147857873,147857873,147857873,147857873,147857873,147857873,147857873,147857873,147857873,147857873,147857873,147857873,147857873	2,2,1,1,1,1,2,2,1,2,2,1,1,2,1,1,2,2,1,2,2,1,2,2,2,1,2,1,2,1,2,2,1
chrX	147959001	N	36	TTTtTTttTtTTTtTttttTttTTTTTTttttTtTT	S2(S@>-SS.S(SSSSSI,(S;:SSSSSSCN=GKAG	147857873,147857873,147857873,147857873,147857873,147857873,147857873,147857873,147857873,147857873,147857873,147857873,147857873,147857873,147857873,147857873,147857873,147857873,147857873,147857873,147857873,147857873,147857873,147857873,147857873,147857873,147857873,147857873,147857873,147857873,*,*,*,*,147857873,*	2,2,1,1,1,2,2,1,2,2,1,1,2,1,1,2,1,2,1,2,2,1,2,1,2,1,2,2,1,2,*,*,*,*,2,*
chrX	147960001	N	45	G*G+2GTgGggGgGGGgGggggGggCGGGGGgGGGgggG*gAGGGgGgg	R-%SHFHJS:(*ICSSG*ESS'8CJJ4H5MSSJK1(:&>.KSMSI	147857873,147857873,147857873,147857873,147857873,147857873,147857873,147857873,147857873,147857873,147857873,147857873,147857873,147857873,147857873,147857873,147857873,147857873,147857873,147857873,147857873,147857873,147857873,147857873,147857873,147857873,147857873,*,147857873,*,*,*,*,*,*,*,*,*,*,147857873,*,*,*,*,147857873	2,2,1,1,2,2,1,2,2,1,1,2,1,1,2,1,2,1,2,2,1,2,1,2,1,2,2,*,2,*,*,*,*,*,*,*,*,*,*,2,*,*,*,*,2
chrX	147961001	N	42	CCCcCcCCCCcCccccCCCCCcCCCccCCCcCcccCcCCcCc	S)$SSSPK&&QHIOSL3PSGI,LNRKK/.SISNSHDSSJMH'	147857873,147857873,147857873,147857873,147857873,147857873,147857873,147857873,147857873,147857873,147857873,147857873,147857873,147857873,147857873,147857873,147857873,147857873,147857873,147857873,147857873,*,147857873,*,*,*,*,*,*,147857873,*,*,*,147857873,*,*,*,*,*,*,*,*	2,2,1,1,2,2,2,1,1,2,1,1,1,2,2,1,2,2,1,2,2,*,2,*,*,*,*,*,*,2,*,*,*,2,*,*,*,*,*,*,*,*
chrX	147962001	N	44	GGGg+1aGgGGGAgGggcgGGGGGGGg*GgggGgGGGcGgGgAGggA	=*'?L*.E0)@.SJ)N6N23-EOB,F?HS)&2QH(5:4O)ORB&	147857873,147857873,147857873,147857873,147857873,147857873,147857873,147857873,147857873,147857873,147857873,147857873,147857873,147857873,147857873,147857873,147857873,147857873,147857873,147857873,147857873,147857873,*,*,*,147857873,*,*,147857873,*,*,*,*,*,*,*,*,*,*,*,147857873,*,147857873,*	2,2,1,1,2,2,2,1,1,2,1,1,1,2,2,1,2,2,1,2,2,2,*,*,*,2,*,*,2,*,*,*,*,*,*,*,*,*,*,*,1,*,1,*
chrX	147963001	N	42	TTtTtTTtTttTTTTTTtTttTTtTTtTTtTTtTtTTtTtTt	@CSS'S.FSLFSSSSSSKSKSSCS;?LHKSS;FEIJSS?R2)	147857873,147857873,147857873,147857873,147857873,147857873,147857873,147857873,147857873,147857873,147857873,147857873,147857873,147857873,147857873,147857873,*,*,147857873,*,147857873,*,*,*,*,147857873,147857873,*,*,*,*,*,*,*,*,*,*,*,*,*,*,*	2,2,1,2,2,2,1,1,1,1,2,2,2,2,2,2,*,*,2,*,2,*,*,*,*,1,1,*,*,*,*,*,*,*,*,*,*,*,*,*,*,*
chrX	147964001	N	42	CC+1TcCcCCCccCCCCCCcCcccCCcCCCcCccccCCcCCcCcc	((PBS;&SSMS0S(E0SSSSQS&SSS)SSGSSSBSSPSSRS(	147857873,147857873,147857873,147857873,147857873,147857873,147857873,147857873,147857873,147857873,147857873,147857873,147857873,147857873,147857873,*,*,147857873,*,147857873,*,*,147857873,147857873,*,*,*,*,*,147857873,147857873,147857873,147857873,*,*,*,*,*,*,*,147857873,147857873	2,2,1,2,2,2,1,1,1,2,2,2,2,2,2,*,*,2,*,2,*,*,1,1,*,*,*,*,*,2,2,2,2,*,*,*,*,*,*,*,2,2
chrX	147965001	N	41	CCcCcCCccCCCCCcCcccCcCccccCCccccCCCcCCCcc	KFO-JF3SS:SLS/CSSSSQS6FF.F=?9*@1MJ8.SSNSI	147857873,147857873,147857873,147857873,147857873,147857873,147857873,147857873,147857873,147857873,147857873,147857873,147857873,*,*,147857873,*,147857873,*,147857873,147857873,*,147857873,147857873,147857873,147857873,*,*,147857873,147857873,*,*,*,147857873,*,*,*,147857873,147857873,147857873,*	2,2,1,2,2,2,1,1,2,2,2,2,2,*,*,2,*,2,*,1,1,*,2,2,2,2,*,*,2,2,*,*,*,2,*,*,*,2,2,1,*
chrX	147966001	N	45	TTtTtTTttTTTTTTtTtT*tttTTtttTTTttTttTt-1nTtTTT-1NTT	*@S>IS)SMDH6,SGBBS6)KCC1F'7SDSHE>CGHS'L&)I+SH	147857873,147857873,147857873,147857873,147857873,147857873,147857873,147857873,147857873,147857873,147857873,147857873,147857873,*,147857873,147857873,147857873,147857873,*,147857873,147857873,147857873,147857873,*,*,147857873,147857873,*,147857873,147857873,147857873,147857873,147857873,147857873,*,147857873,147857873,*,147857873,*,*,*,*,*,147857873	2,2,1,2,2,2,1,1,2,2,2,2,2,*,2,2,1,1,*,2,2,2,2,*,*,2,2,*,2,2,2,1,2,1,*,1,1,*,1,*,*,*,*,*,2
chrX	147967001	N	41	TTtTtTTtTTTTtTttttttttTTTttTtTTTtttTttTtt-3nnn	SJLSJJMSSSMSNGQ/JMI?PLPSSPMSMSSPSSSSLMSS)	147857873,147857873,147857873,147857873,147857873,147857873,147857873,147857873,147857873,147857873,147857873,147857873,147857873,147857873,147857873,147857873,147857873,147857873,147857873,147857873,147857873,*,147857873,147857873,147857873,147857873,147857873,147857873,147857873,147857873,147857873,147857873,*,147857873,*,147857873,147857873,147857873,*,*,*	2,2,1,2,2,2,1,1,2,2,2,2,2,1,1,2,2,2,2,2,2,*,2,2,2,1,2,1,1,1,1,2,*,1,*,1,2,2,*,*,*
chrX	147968001	N	42	CCCcCcCCCCcCcccccccCCCccCcCCCcCcccCcCCcCcC	HMSK;SSFSSSSQ'SMSSINSSSSSISSJSSSSSJS9;SSJS	147857873,147857873,147857873,147857873,147857873,147857873,147857873,147857873,147857873,147857873,147857873,147857873,147857873,147857873,147857873,147857873,147857873,147857873,147857873,147857873,147857873,147857873,147857873,147857873,147857873,147857873,147857873,147857873,147857873,147857873,147857873,147857873,147857873,147857873,147857873,147857873,147857873,147857873,147857873,147857873,147857873,147857873	2,2,2,2,1,1,2,2,2,2,2,1,1,2,2,2,2,2,2,2,2,2,1,2,1,1,1,1,2,1,1,2,2,1,2,2,1,1,1,2,1,1
chrX	147969001	N	43	TTtTtTTTTtTttttttTTt*TTTttTtTTtTttttTtTTtTt	OBS=SJGLNSS2SSSCL1KL?0K>SSDS*HPSSSSS/SB16/O	147857873,147857873,147857873,147857873,147857873,147857873,147857873,147857873,147857873,147857873,147857873,147857873,147857873,147857873,147857873,147857873,147857873,147857873,147857873,147857873,147857873,147857873,147857873,147857873,147857873,147857873,147857873,147857873,147857873,147857873,147857873,147857873,147857873,147857873,147857873,147857873,*,147857873,*,*,*,*,*	2,2,2,1,1,2,2,2,2,2,1,2,2,2,2,2,2,2,2,1,1,1,1,1,2,2,2,2,1,1,1,1,2,2,1,1,*,1,*,*,*,*,*
chrX	147970001	N	39	AAaAaAAAAaAaaaaAaaAAaaAaAaAaaaa*aAAaAaA	MQSLSSSSLML5OS6SPESRLOSNSSNKKSD/RSOSMNL	147857873,147857873,147857873,147857873,147857873,147857873,147857873,147857873,147857873,147857873,147857873,147857873,147857873,147857873,147857873,147857873,147857873,147857873,147857873,147857873,147857873,147857873,147857873,147857873,147857873,147857873,147857873,147857873,147857873,147857873,*,147857873,147857873,*,*,*,*,*,147857873	2,2,2,1,1,2,2,2,2,2,1,2,2,2,2,2,1,1,1,1,2,2,2,2,1,1,1,2,1,1,*,2,1,*,*,*,*,*,2
chrX	147971001	N	37	GGgGgGGGgGggggggGGgggGgGgggggGgGggGgG	SF;;SGSSISGSS8:KSSKLOSJSLESE@LISISS.)	147857873,147857873,147857873,147857873,147857873,147857873,147857873,147857873,147857873,147857873,147857873,147857873,147857873,147857873,147857873,147857873,147857873,147857873,147857873,147857873,147857873,147857873,147857873,147857873,147857873,147857873,147857873,147857873,147857873,147857873,147857873,147857873,147857873,147857873,147857873,*,147857873	2,2,2,1,1,2,2,2,2,1,2,2,2,2,1,1,1,1,2,2,2,1,1,1,2,1,1,2,1,2,1,1,1,2,2,*,1
chrX	147972001	N	39	AAaAaAAaAaaaaaaAAaaaAaaaaAAAaAaaAaAaaaa	SESPOGKSSSSSL9MOSSSS?SOKCLSKSJ);HSII1B4	147857873,147857873,147857873,147857873,147857873,147857873,147857873,147857873,147857873,147857873,147857873,147857873,147857873,147857873,147857873,147857873,147857873,147857873,147857873,147857873,147857873,147857873,147857873,147857873,147857873,147857873,147857873,147857873,147857873,147857873,147857873,*,147857873,*,*,147857873,*,*,*	2,2,2,1,1,2,2,2,1,2,2,2,2,1,1,1,1,2,2,2,1,1,1,2,1,1,1,2,1,2,2,*,1,*,*,1,*,*,*
chrX	147973001	N	36	AaAaAAaAaaaaAAaaaAaaAAaAaAaaaaAaaAAa	SJKLSSJS4MCSSSSLMSFSSS3SSSLSJ-SKCSSI	147857873,147857873,147857873,147857873,147857873,147857873,147857873,147857873,147857873,147857873,147857873,147857873,147857873,147857873,147857873,147857873,147857873,147857873,147857873,147857873,147857873,147857873,147857873,147857873,147857873,147857873,147857873,147857873,147857873,147857873,147857873,147857873,147857873,147857873,147857873,147857873	2,2,1,1,2,2,2,1,2,2,2,1,1,1,2,2,2,1,1,1,1,2,2,1,1,2,2,1,2,2,1,1,1,2,1,2
chrX	147974001	N	35	AaAAAaAaaaaAAaaaAaAAAaAaaaaAaaAaaAA	SL6SSSSSL%NSMSSISOSSPISSSOSOSSFS?/M	147857873,147857873,147857873,147857873,147857873,147857873,147857873,147857873,147857873,147857873,147857873,147857873,147857873,147857873,147857873,147857873,147857873,147857873,147857873,147857873,147857873,147857873,147857873,147857873,147857873,147857873,147857873,147857873,147857873,147857873,*,*,*,147857873,*	2,2,1,2,2,2,1,2,2,2,1,1,1,2,2,2,1,1,1,2,1,1,1,2,2,2,2,1,2,1,*,*,*,1,*
chrX	147975001	N	35	AAAaAaaaaaaaAaAAAaaaaAaaaAGAaAaAaaa	S1SSSHM6SSSSS(SSOSSSSSSS+S&?S@@ISSH	147857873,147857873,147857873,147857873,147857873,147857873,147857873,147857873,147857873,147857873,147857873,147857873,147857873,147857873,147857873,147857873,147857873,147857873,147857873,147857873,147857873,147857873,147857873,147857873,147857873,147857873,147857873,147857873,147857873,147857873,*,*,*,*,*	2,1,2,2,1,2,2,2,1,2,2,2,1,1,1,2,1,1,2,2,2,1,2,1,2,2,2,1,2,2,*,*,*,*,*
chrX	147976001	N	37	TTTtTtttttttTTTTtttttTtTTtttTtTttT*tt	S(SSF)J(SSSSIS(SKSSSSQSJLSSMSSSSSS9*K	147857873,147857873,147857873,147857873,147857873,147857873,147857873,147857873,147857873,147857873,147857873,147857873,147857873,147857873,147857873,147857873,147857873,147857873,147857873,147857873,147857873,147857873,147857873,147857873,147857873,147857873,*,147857873,*,*,147857873,*,147857873,*,*,*,147857873	2,1,2,2,1,2,2,2,1,2,2,2,1,1,2,1,1,2,2,2,2,2,2,2,2,2,*,2,*,*,2,*,1,*,*,*,1
chrX	147977001	N	42	TTTtTt+3tcct*ttTTTttttttTTttTttTtTttttttTTttTtt	H-SO=*S5@7GS*+E109ODIS@SGDPMBFA)D9MFL6KSS)	147857873,147857873,147857873,147857873,147857873,147857873,147857873,147857873,147857873,147857873,147857873,147857873,147857873,147857873,147857873,147857873,147857873,147857873,147857873,147857873,147857873,147857873,147857873,147857873,*,147857873,*,147857873,147857873,*,147857873,147857873,*,*,147857873,*,*,*,147857873,147857873,147857873,147857873	2,1,2,2,1,2,1,2,2,2,1,1,2,1,2,2,2,2,2,2,2,2,2,2,*,1,*,1,1,*,1,1,*,*,2,*,*,*,2,2,2,1
chrX	147978001	N	44	TTtTttttTTTttttTTttTttTtcttTtTttttTttTtTtttT	+SONLFSSSS&QOSNKBSJ,SN=S(OSIIS=FSS%SB0MP4K='	147857873,147857873,147857873,147857873,147857873,147857873,147857873,147857873,147857873,147857873,147857873,147857873,147857873,147857873,147857873,147857873,147857873,147857873,147857873,147857873,147857873,147857873,147857873,147857873,147857873,*,147857873,*,147857873,147857873,147857873,147857873,147857873,*,147857873,147857873,147857873,147857873,147857873,147857873,*,147857873,147857873,*	1,2,2,1,2,1,2,2,1,1,2,1,2,2,2,2,2,2,2,2,1,1,1,1,1,*,2,*,2,2,2,1,1,*,2,1,1,1,1,1,*,2,2,*
chrX	147979001	N	36	CCCcccCC-1NC+1TccccACccCcccccCcccCcccccccC	'M:SFFSG34SSS*IJ3M;(&:SSSSS&S5KSAS+<	147857873,147857873,147857873,147857873,147857873,147857873,147857873,147857873,147857873,147857873,147857873,147857873,147857873,147857873,147857873,147857873,147857873,147857873,147857873,147857873,147857873,147857873,147857873,147857873,147857873,147857873,147857873,147857873,147857873,147857873,147857873,147857873,147857873,*,*,*	1,2,1,1,2,2,1,1,2,1,2,2,2,2,2,2,2,2,1,1,1,2,2,2,2,1,1,2,1,1,2,1,1,*,*,*
chrX	147980001	N	35	CCCcccCCCcccCCccccccccCccccccCCCCCC	3SHLSSDSRSGSAE&IO)SSLI3L9J?60S1IS-5	147857873,147857873,147857873,147857873,147857873,147857873,147857873,147857873,147857873,147857873,147857873,147857873,147857873,147857873,147857873,147857873,147857873,147857873,147857873,147857873,147857873,147857873,147857873,147857873,147857873,147857873,147857873,147857873,147857873,147857873,147857873,147857873,147857873,147857873,147857873	1,2,1,1,2,2,1,1,2,1,2,2,2,2,2,2,1,1,2,2,1,1,2,2,1,2,2,2,1,2,1,1,2,1,2
chrX	147981001	N	36	AAAaaaAAaaaAAaaaaaaaAaa-2nnAAAAAAaaAAAaa	.SSSSSSSSSMSSSSF2SSS7S&CLS7-SS:C+SSS	147857873,147857873,147857873,147857873,147857873,147857873,147857873,147857873,147857873,147857873,147857873,147857873,147857873,147857873,147857873,147857873,147857873,147857873,147857873,147857873,147857873,147857873,147857873,147857873,147857873,147857873,147857873,147857873,147857873,147857873,*,*,147857873,147857873,*,*	1,2,1,1,2,2,1,1,1,2,2,2,2,2,2,1,1,2,2,1,2,2,2,1,1,2,1,2,1,1,*,*,2,2,*,*
chrX	147982001	N	33	AAAaaAAaaaAAaaaaaAaaAAAAAAAAAAAAA	4MESPSSIDOKE8M(SS+O3FSSKESSSSSOSR	147857873,147857873,147857873,147857873,147857873,147857873,147857873,147857873,147857873,147857873,147857873,147857873,147857873,147857873,147857873,147857873,147857873,147857873,147857873,147857873,147857873,147857873,147857873,147857873,147857873,147857873,147857873,147857873,147857873,147857873,147857873,147857873,147857873	1,2,1,1,2,1,1,1,2,2,2,2,2,2,1,2,2,2,2,2,1,1,2,1,2,2,2,2,2,1,2,2,2
chrX	147983001	N	33	CCCccCCcccCCcccccCccCCCCCCCCCCCCC	+IO6SSOE;S4HSG+SS@@)SK2GGKS)DFIM>	147857873,147857873,147857873,147857873,147857873,147857873,147857873,147857873,147857873,147857873,147857873,147857873,147857873,147857873,147857873,147857873,147857873,147857873,147857873,147857873,147857873,147857873,147857873,147857873,147857873,147857873,147857873,147857873,147857873,147857873,147857873,147857873,147857873	1,2,1,1,2,1,1,1,2,2,2,2,2,2,1,2,2,2,2,2,1,1,2,2,2,2,2,1,2,2,1,1,1
chrX	147984001	N	41	GGggGGggGggggGggGGGGGGGGGGGggGgGgGGGggGGG	0IORSS@G0</?70NFKSQMEIDSNBSG=)S-*KS3%S9+*	147857873,147857873,147857873,147857873,147857873,147857873,147857873,147857873,147857873,147857873,147857873,147857873,147857873,147857873,147857873,147857873,147857873,147857873,147857873,147857873,147857873,147857873,147857873,147857873,147857873,147857873,147857873,147857873,147857873,147857873,147857873,147857873,147857873,147857873,147857873,*,*,147857873,*,*,*	1,1,1,2,1,1,1,2,2,2,1,2,2,2,2,2,1,1,2,2,2,1,2,2,1,1,1,2,1,2,2,1,1,2,1,*,*,1,*,*,*
chrX	147985001	N	40	AAaaAAaaAa*aAaAAAAAAAaAaAAaAaa*AAAAaaAaa	(2SLS/S=9S&S&S@*IH):HS9SHMDSIS-L'4@IS.;=	147857873,147857873,147857873,147857873,147857873,147857873,147857873,147857873,147857873,147857873,147857873,147857873,147857873,147857873,147857873,147857873,147857873,147857873,147857873,147857873,147857873,147857873,147857873,147857873,147857873,147857873,147857873,147857873,147857873,147857873,147857873,147857873,*,*,147857873,*,147857873,*,*,147857873	1,1,1,2,1,1,1,2,2,2,1,2,2,2,2,2,1,2,1,1,1,2,2,2,1,2,1,1,2,2,2,1,*,*,2,*,1,*,*,2
chrX	147986001	N	41	GGggGGgGgGGGGGGGGGGGgGggGGggGggggGGgGGGgg	*SNKPJSJ-;HQ:OI.A5MMJRM/SIKNS2J>KSRRNSHNH	147857873,147857873,147857873,147857873,147857873,147857873,147857873,147857873,147857873,147857873,147857873,147857873,147857873,147857873,147857873,147857873,147857873,147857873,147857873,147857873,147857873,147857873,147857873,147857873,147857873,147857873,147857873,147857873,147857873,147857873,147857873,*,147857873,*,147857873,147857873,147857873,147857873,147857873,147857873,147857873	1,1,1,2,1,1,2,2,1,2,2,2,1,2,1,1,1,2,1,2,1,1,2,2,1,2,1,2,2,2,2,*,2,*,2,2,1,1,1,2,1
chrX	147987001	N	35	CCcCCCCCCCCCCCCcCccCCccCccCccCCcCcC	FSRSMG*SSSSSSSSES7SSS4?S>MSLISJKSLS	147857873,147857873,147857873,147857873,147857873,147857873,147857873,147857873,147857873,147857873,147857873,147857873,147857873,147857873,147857873,147857873,147857873,147857873,147857873,147857873,147857873,147857873,147857873,147857873,147857873,147857873,147857873,147857873,147857873,147857873,147857873,*,*,*,*	1,1,1,1,1,2,2,2,1,2,1,1,1,1,2,1,1,2,2,1,2,1,2,2,2,2,1,1,2,1,2,*,*,*,*
chrX	147988001	N	31	TTtTTTTTTTTTtTttTttttTtTTtTttTT	=HLNSKSSSGSSISD9SLS*MS2SJQSSKSS	147857873,147857873,147857873,147857873,147857873,147857873,147857873,147857873,147857873,147857873,147857873,147857873,147857873,147857873,147857873,147857873,147857873,147857873,147857873,147857873,147857873,147857873,147857873,147857873,147857873,*,*,147857873,*,147857873,*	1,1,1,1,1,2,2,1,2,1,1,2,1,1,2,2,2,1,2,2,2,1,1,1,2,*,*,1,*,1,*
chrX	147989001	N	31	TAaAAAAAAAAAaAaAaAaAAaAAAAaaAAA	&@SPSLPDNIIKJOSI3SEKNM3O@JS.*J0	147857873,147857873,147857873,147857873,147857873,147857873,147857873,147857873,147857873,147857873,147857873,147857873,147857873,147857873,147857873,147857873,147857873,147857873,147857873,147857873,147857873,147857873,147857873,147857873,*,*,147857873,*,*,147857873,147857873	1,1,1,1,1,2,2,1,2,1,1,2,1,1,2,2,2,1,1,1,2,1,1,1,*,*,2,*,*,1,2
chrX	147990001	N	29	GGGGGGGGgGgGgGgGgGGgGGgggGGGG	(SSQM9KM;SSS&@9SFISOHSEKSSLSS	147857873,147857873,147857873,147857873,147857873,147857873,147857873,147857873,147857873,147857873,147857873,147857873,147857873,147857873,147857873,147857873,147857873,147857873,147857873,147857873,147857873,147857873,147857873,147857873,147857873,147857873,147857873,147857873,147857873	1,1,1,2,1,2,1,2,1,1,2,2,2,1,1,1,1,1,1,2,1,2,2,2,1,2,2,2,2
chrX	147991001	N	37	AAAAAAAAaAAaAaAaAaAAaAAAAaAaaaAaAAAAA	'MSSSGHSEDI*SHSJSGLOLGSSSK'S?H2SKMO+G	147857873,147857873,147857873,147857873,147857873,147857873,147857873,147857873,147857873,147857873,147857873,147857873,147857873,147857873,147857873,147857873,147857873,147857873,147857873,147857873,147857873,147857873,147857873,147857873,147857873,147857873,147857873,147857873,147857873,147857873,147857873,147857873,147857873,*,147857873,147857873,147857873	1,1,1,2,1,2,1,2,1,1,2,2,1,1,1,1,1,2,1,2,1,2,2,2,2,1,1,1,2,2,2,1,1,*,2,1,2
chrX	147992001	N	31	AAGAAAAAaAAaaAa*AAAAaaaAAAaaAaa	.O-8GK+CD5S3SQS,8HP/JJJN,&6;12B	147857873,147857873,147857873,147857873,147857873,147857873,147857873,147857873,147857873,147857873,147857873,147857873,147857873,147857873,147857873,147857873,147857873,147857873,147857873,147857873,147857873,147857873,147857873,147857873,147857873,147857873,147857873,147857873,147857873,*,147857873	1,1,1,2,1,2,1,2,1,2,1,1,1,1,2,1,2,2,2,2,1,2,2,2,1,2,1,1,1,*,2
chrX	147993001	N	28	TTTTTTTTTttTtTTTTTtttttTttTt	D=SMSKIKLKSKNSOQNHSMSSNRSSCP	147857873,147857873,147857873,147857873,147857873,147857873,147857873,147857873,147857873,147857873,147857873,147857873,147857873,147857873,147857873,147857873,147857873,147857873,147857873,147857873,147857873,147857873,147857873,*,*,147857873,*,*	1,1,1,2,1,2,1,2,2,1,1,1,2,1,2,2,2,2,1,2,2,1,2,*,*,2,*,*
chrX	147994001	N	36	CCCCCCCCCcCcCCCC*ccc**cC*cCccCccccC*	1SSSSSSSF+S4SSSS)?HR)6CS)L:'(.K,)KP(	147857873,147857873,147857873,147857873,147857873,147857873,147857873,147857873,147857873,147857873,147857873,147857873,147857873,147857873,147857873,147857873,147857873,147857873,147857873,147857873,147857873,147857873,*,*,*,*,147857873,*,*,*,147857873,147857873,*,147857873,147857873,*	1,1,1,2,1,2,1,2,2,1,1,2,1,2,2,2,2,1,2,2,1,2,*,*,*,*,2,*,*,*,1,2,*,2,2,*
chrX	147995001	N	33	CCCCCCCCCcCcCCCcccCcccCCCccCcCCCC	.SSMQ0PFN;M:SMRHNG3NSLOEMMINBS01O	147857873,147857873,147857873,147857873,147857873,147857873,147857873,147857873,147857873,147857873,147857873,147857873,147857873,147857873,147857873,147857873,147857873,147857873,147857873,147857873,147857873,147857873,147857873,147857873,147857873,147857873,147857873,147857873,147857873,147857873,147857873,147857873,147857873	1,1,1,2,1,2,1,2,2,1,1,2,1,2,2,1,1,2,2,1,2,2,2,1,1,1,2,2,2,1,1,2,2
chrX	147996001	N	32	GGGGGGGGGgGgGGGgggGgGGggGGGgGggG	(SSI>SSSGLSSKSNS=SI<SSDJSASSSSIQ	147857873,147857873,147857873,147857873,147857873,147857873,147857873,147857873,147857873,147857873,147857873,147857873,147857873,147857873,147857873,147857873,147857873,147857873,147857873,147857873,147857873,147857873,147857873,147857873,147857873,*,*,*,147857873,147857873,*,147857873	1,1,1,2,1,2,1,2,2,1,1,2,1,2,2,1,1,2,2,2,2,1,1,2,1,*,*,*,2,1,*,1
chrX	147997001	N	34	GGGGGGGgGgGGGggGgGgGGGgGGGGGGGg*gG	'@NC3HSSPQJSSSSSIS:O6S3GGSSPHLO'S(	147857873,147857873,147857873,147857873,147857873,147857873,147857873,147857873,147857873,147857873,147857873,147857873,147857873,147857873,147857873,147857873,147857873,147857873,147857873,147857873,*,147857873,147857873,147857873,*,147857873,147857873,*,*,*,*,*,147857873,147857873	1,1,1,2,1,1,2,1,1,2,1,2,2,1,2,2,2,2,2,1,*,2,1,1,*,2,1,*,*,*,*,*,2,2
chrX	147998001	N	33	TTTTTTTtTTTTtTtTTTtTTTtTtTTTtTttT	SSJSGSSSSSSOSSSSKISHSJSL:S8CS>SAK	147857873,147857873,147857873,147857873,147857873,147857873,147857873,147857873,147857873,147857873,147857873,147857873,147857873,147857873,147857873,147857873,147857873,147857873,147857873,147857873,147857873,147857873,147857873,147857873,*,147857873,147857873,147857873,147857873,147857873,147857873,*,147857873	1,1,1,2,1,1,2,1,1,1,2,2,2,2,2,2,1,2,1,1,2,1,2,2,*,1,2,2,1,1,1,*,2
chrX	147999001	N	30	CCCCCCCcCCCccCCCCcCCcCCCacCCCC	+-IS5JS@SHMSSSS5K&LSG:F).(,?SB	147857873,147857873,147857873,147857873,147857873,147857873,147857873,147857873,147857873,147857873,147857873,147857873,147857873,147857873,147857873,147857873,147857873,147857873,147857873,147857873,147857873,147857873,147857873,*,*,*,*,*,147857873,*	1,1,1,2,1,1,2,1,1,1,2,2,2,2,1,2,1,2,2,2,1,2,1,*,*,*,*,*,2,*
