chr7	5972291	N	5	CCccC	D/SSM	5968656,5968656,5968656,5968656,5968656	2,1,2,1,1
chr7	5973291	N	8	TTtT*TTT	<;SA,6H=	5968656,5968656,5968656,5968656,5968656,5968656,5968656,5968656	2,1,1,1,1,1,1,1
chr7	5974291	N	9	AAaAAAAA*	4IIQ:&SL(	5968656,5968656,5968656,5968656,5968656,5968656,5968656,5968656,5968656	2,1,1,1,1,1,1,1,2
chr7	5975291	N	11	AAaAAAAAAaa	9H4G(&H5CSS	5968656,5968656,5968656,5968656,5968656,5968656,5968656,5968656,5968656,5968656,5968656	2,1,1,1,1,1,1,1,2,2,2
chr7	5976291	N	14	AAaAACAAAaaAaa	*6SJ'$HQL-<C3O	5968656,5968656,5968656,5968656,5968656,5968656,5968656,5968656,5968656,5968656,5968656,5968656,5968656,5968656	2,1,1,1,1,1,1,1,2,2,2,2,2,1
chr7	5977291	N	21	GGgGGGGGGggGggggggGgG	8KMO.SSMLSSSSSSL=PSER	5968656,5968656,5968656,5968656,5968656,5968656,5968656,5968656,5968656,5968656,5968656,5968656,5968656,5968656,5968656,*,5968656,5968656,5968656,5968656,5968656	2,1,1,1,1,1,1,1,2,2,2,2,1,2,1,*,2,1,1,1,2
chr7	5978291	N	23	AAaAAAAAaAaaaaaAaAAaAAA	8FSLOKM@SCSSS3CL7I7CJ'S	5968656,5968656,5968656,5968656,5968656,5968656,5968656,5968656,5968656,5968656,5968656,5968656,5968656,5968656,5968656,5968656,5968656,5968656,5968656,5968656,5968656,5968656,*	2,1,1,1,1,1,1,2,2,2,1,2,1,2,1,1,1,2,1,2,2,2,*
chr7	5979291	N	17	TTtTTTTtttTtTTTTt	SSSSJSASLSBSSLJSS	5968656,5968656,5968656,5968656,5968656,5968656,5968656,5968656,5968656,5968656,5968656,5968656,5968656,5968656,5968656,5968656,5968656	2,1,1,1,1,2,2,1,1,1,2,2,2,2,1,1,2
chr7	5980291	N	21	AaAAAAaaaAaAAAAaaAAaa	SMKS.SH:GL=SFSSS?SS.J	5968656,5968656,5968656,5968656,5968656,5968656,5968656,5968656,5968656,5968656,5968656,5968656,5968656,5968656,5968656,5968656,5968656,5968656,5968656,*,5968656	1,1,1,1,2,2,1,1,1,2,2,2,2,1,1,2,1,2,2,*,2
chr7	5981291	N	25	GgGGGgggGgGGGggGGgGgGgggG	SSSO;SSCSAMSSSSSSSSGS*S=S	5968656,5968656,5968656,5968656,5968656,5968656,5968656,5968656,5968656,5968656,5968656,5968656,5968656,5968656,5968656,5968656,5968656,5968656,5968656,5968656,5968656,5968656,5968656,5968656,5968656	1,1,1,1,2,1,1,1,2,2,2,1,1,2,1,2,2,2,1,2,1,1,2,1,2
chr7	5982291	N	21	TtCtttCcCTcCcTcTcttTC	KS)SOMJFSINSOSKSKIS4J	5968656,5968656,5968656,5968656,5968656,5968656,5968656,5968656,5968656,5968656,5968656,5968656,5968656,5968656,5968656,5968656,5968656,5968656,5968656,5968656,5968656	1,1,2,1,1,1,2,2,2,1,2,2,2,1,2,1,2,1,1,1,2
chr7	5983291	N	18	AaAaaaAaAaaAaaAAAA	3Q;LSS(SSSSSISSSSS	5968656,5968656,5968656,5968656,5968656,5968656,5968656,5968656,5968656,5968656,5968656,5968656,5968656,5968656,5968656,5968656,5968656,5968656	1,1,2,1,1,1,2,2,1,2,2,1,2,1,1,2,2,1
chr7	5984291	N	20	CcCccccCccCccCCccCCc	7L%;N=DGSSSS;SIDSS+L	5968656,5968656,5968656,5968656,5968656,5968656,5968656,5968656,5968656,5968656,5968656,5968656,5968656,5968656,5968656,5968656,5968656,5968656,*,5968656	1,1,2,1,1,1,2,1,2,2,1,2,1,2,2,1,2,2,*,2
chr7	5985291	N	18	AaaaaAaAaaaAAaaAAA	,4CGMDSCHS1>5GME;=	5968656,5968656,5968656,5968656,5968656,5968656,5968656,5968656,5968656,5968656,5968656,5968656,*,5968656,*,5968656,*,5968656	2,1,1,1,2,1,2,1,2,1,1,2,*,2,*,1,*,1
chr7	5986291	N	20	ttTTtttTtTTttTTtTttt	SHESFSSJNSS;SSS9SSSS	5968656,5968656,5968656,5968656,5968656,5968656,5968656,5968656,5968656,5968656,5968656,5968656,5968656,5968656,5968656,5968656,5968656,5968656,5968656,5968656	1,2,1,1,2,1,1,2,2,1,1,1,1,2,1,2,1,2,2,2
chr7	5987291	N	20	ttTTtttTtTTttTcTtttT	S:7CSKS=D?+SPI$S6S?S	5968656,5968656,5968656,5968656,5968656,5968656,5968656,5968656,5968656,5968656,5968656,5968656,5968656,5968656,5968656,5968656,5968656,5968656,5968656,5968656	1,2,1,1,2,1,1,2,2,1,1,1,1,2,2,1,2,2,2,1
chr7	5988291	N	21	ggGGggggggGgGgggGgGgG	Q03KMJSSS:IJKKS.SC<17	5968656,5968656,5968656,5968656,5968656,5968656,5968656,5968656,5968656,5968656,5968656,5968656,5968656,5968656,5968656,5968656,5968656,5968656,*,*,5968656	1,2,1,1,2,1,1,2,1,1,2,2,1,2,2,2,1,1,*,*,2
chr7	5989291	N	24	ttTTttttttTtTtttTtCTTtTT	S<SSOSSS@SSNSSOSSN%SSNSS	5968656,5968656,5968656,5968656,5968656,5968656,5968656,5968656,5968656,5968656,5968656,5968656,5968656,5968656,5968656,5968656,5968656,5968656,5968656,5968656,5968656,5968656,5968656,5968656	1,2,1,1,2,1,1,2,1,1,2,2,1,2,2,2,1,1,2,1,2,2,1,2
chr7	5990291	N	23	aaAaaaaaAAaaAAaAAaAAAa^]a	LSS:JS;SSSS<SPLSSSGSLSL	5968656,5968656,5968656,5968656,5968656,5968656,5968656,5968656,5968656,5968656,5968656,5968656,5968656,5968656,5968656,5968656,5968656,5968656,5968656,5968656,5968656,5968656,5968656	1,2,1,1,1,2,1,1,2,1,2,2,1,2,2,1,2,2,2,2,1,2,1
chr7	5991291	N	21	aaAaaA-1NAAaGAAaaaaaAaaa	HS<SG*9FS*+SKHHIG?0P9	5968656,5968656,5968656,5968656,5968656,5968656,5968656,5968656,5968656,5968656,5968656,5968656,5968656,5968656,5968656,5968656,5968656,5968656,5968656,5968656,5968656	2,1,2,2,2,1,1,2,2,2,2,1,2,1,1,1,2,1,1,2,2
chr7	5992291	N	23	aaAaAAAaAAAaaaaaAaaa*AA	SGS'NHSS+SSSSESN;SSS+SS	5968656,5968656,5968656,5968656,5968656,5968656,5968656,5968656,5968656,5968656,5968656,5968656,5968656,5968656,5968656,5968656,5968656,5968656,5968656,5968656,5968656,5968656,5968656	2,1,2,2,1,1,2,2,2,2,1,2,1,1,1,2,1,1,2,2,1,2,1
chr7	5993291	N	23	aaAaAAaAAaaaAaaaAAAAaAa	HSK6SSNSOKLS@SKSSSNSI8S	5968656,5968656,5968656,5968656,5968656,5968656,5968656,5968656,5968656,5968656,5968656,5968656,5968656,5968656,5968656,5968656,5968656,5968656,5968656,5968656,5968656,5968656,5968656	2,1,2,2,1,2,2,2,1,2,1,1,1,1,2,2,2,1,1,2,1,1,1
chr7	5994291	N	28	ggGgGGgGGgggGggGGGGgGgGgGGG^]g	SSGESSSSSPNSNKLISS7:SSGMLJSL	5968656,5968656,5968656,5968656,5968656,5968656,5968656,5968656,5968656,5968656,5968656,5968656,5968656,5968656,5968656,5968656,5968656,5968656,5968656,5968656,5968656,5968656,5968656,5968656,5968656,5968656,5968656,5968656	2,1,2,2,1,2,2,2,1,2,1,1,1,1,2,2,1,1,2,1,1,1,1,2,2,1,2,1
chr7	5995291	N	29	ccCCCcCCcccCccCCCCcCcCCCcCCcC	SSSSSMSJSSSKNSSSIMS@SSLSSSSSS	5968656,5968656,5968656,5968656,5968656,5968656,5968656,5968656,5968656,5968656,5968656,5968656,5968656,5968656,5968656,5968656,5968656,5968656,5968656,5968656,5968656,5968656,5968656,5968656,5968656,5968656,5968656,5968656,5968656	2,1,2,1,2,2,2,1,2,1,1,1,1,2,2,1,1,1,1,1,2,2,1,2,1,2,2,1,1
chr7	5996291	N	28	ttTTTttTttTTTTtTtTTtTtTTTttt	SKHSGLO@QSIISLSBSKSOFSHSPQSL	5968656,5968656,5968656,5968656,5968656,5968656,5968656,5968656,5968656,5968656,5968656,5968656,5968656,5968656,5968656,5968656,5968656,5968656,5968656,5968656,5968656,5968656,5968656,5968656,5968656,5968656,5968656,5968656	2,1,2,1,2,2,1,1,1,2,2,1,1,1,1,1,2,1,2,1,2,1,1,1,1,2,2,2
chr7	5997291	N	28	ttTTTttTttTTTTtTTTtTTTtttttt	'SMS'SS-JSFJS0NLL3LL'SSSSGSK	5968656,5968656,5968656,5968656,5968656,5968656,5968656,5968656,5968656,5968656,5968656,5968656,5968656,5968656,5968656,5968656,5968656,5968656,5968656,5968656,5968656,5968656,5968656,5968656,5968656,5968656,5968656,5968656	2,1,2,1,2,2,1,1,1,2,2,1,1,1,2,1,2,2,1,1,1,1,2,2,2,1,1,1
chr7	5998291	N	28	aaAAAaAaAAAAAAaAAAaaaaAaAaaA	ISPSSB=SSMSJSIGF9PSSSSLISSS>	5968656,5968656,5968656,5968656,5968656,5968656,5968656,5968656,5968656,5968656,5968656,5968656,5968656,5968656,5968656,5968656,5968656,5968656,5968656,5968656,5968656,5968656,5968656,5968656,5968656,5968656,5968656,5968656	2,1,2,1,2,1,1,2,2,1,1,1,2,2,1,1,1,1,2,2,1,1,2,2,1,2,1,1
chr7	5999291	N	30	aaAaAAAAAAAaAGAaaaaAAaaAaAAaaa	GSIS*KSSSLBSL'MSSSJSSSSLSLKS+S	5968656,5968656,5968656,5968656,5968656,5968656,5968656,5968656,5968656,5968656,5968656,5968656,5968656,5968656,5968656,5968656,5968656,5968656,5968656,5968656,5968656,5968656,5968656,5968656,5968656,5968656,5968656,5968656,*,5968656	2,1,2,1,1,2,1,1,1,2,2,1,1,1,1,2,2,1,1,2,1,2,1,1,2,2,1,1,*,1
chr7	6000291	N	31	tttTTTTTtTTTtttTTttTtTTttttTTTt	MCSR9KHGSC;OESSORO7CISLS6SS-SSS	5968656,5968656,5968656,5968656,5968656,5968656,5968656,5968656,5968656,5968656,5968656,5968656,5968656,5968656,5968656,5968656,5968656,5968656,5968656,5968656,5968656,5968656,5968656,5968656,*,5968656,*,5968656,5968656,*,5968656	2,1,1,2,1,1,2,2,1,1,1,1,2,2,1,2,1,2,1,1,2,2,1,1,*,1,*,1,2,*,1
chr7	6001291	N	33	tttTTTTTtttTTttTtTTtttTTttTttTTtT	8MPSSSSSQSRISPP6SE-S4O8SSSSSOSSS4	5968656,5968656,5968656,5968656,5968656,5968656,5968656,5968656,5968656,5968656,5968656,5968656,5968656,5968656,5968656,5968656,5968656,5968656,5968656,5968656,*,5968656,5968656,5968656,5968656,5968656,5968656,5968656,5968656,5968656,5968656,5968656,5968656	2,1,1,2,1,1,1,1,2,2,1,2,1,2,1,1,2,2,1,1,*,1,1,2,1,1,1,2,2,1,2,1,1
chr7	6002291	N	30	aaaAAAaaaAAaaAAaaaAAaaAaAAaAAa	SSSS*SBSSSSSSSK:'SSISSSSSAGSSK	5968656,5968656,5968656,5968656,5968656,5968656,5968656,5968656,5968656,5968656,5968656,5968656,5968656,5968656,5968656,5968656,*,5968656,5968656,5968656,5968656,5968656,5968656,5968656,5968656,5968656,5968656,5968656,5968656,5968656	2,1,1,2,1,1,2,2,1,2,1,2,2,2,1,1,*,1,1,2,1,1,1,2,1,2,1,1,2,1
chr7	6003291	N	24	ccccCCccCccCCcCCcCCcCCCc	:B9@F>H?G;<EH<LM/L62MLK1	5968656,5968656,5968656,5968656,5968656,5968656,5968656,5968656,5968656,5968656,5968656,5968656,5968656,5968656,5968656,5968656,5968656,5968656,5968656,5968656,5968656,5968656,5968656,5968656	2,1,1,2,2,1,2,2,1,1,1,1,2,1,1,2,1,1,2,1,2,2,1,1
chr7	6004291	N	22	aaaaAaaAAAAaAaAAaaaAaA	S(C>SSSGSSDSFK6SSS;D,Q	5968656,5968656,5968656,5968656,5968656,5968656,5968656,5968656,5968656,5968656,5968656,5968656,5968656,5968656,5968656,5968656,5968656,5968656,*,5968656,5968656,5968656	2,1,1,2,1,2,2,1,2,1,2,1,1,1,2,1,1,2,*,1,2,1
chr7	6005291	N	20	ggggGgGGGgGgGgGgGggg	K;SSFSOLSSSSMSLEM)S6	5968656,5968656,5968656,5968656,5968656,5968656,5968656,5968656,5968656,5968656,5968656,5968656,5968656,5968656,5968656,5968656,5968656,5968656,*,*	2,1,1,2,1,2,1,2,1,1,1,1,2,2,1,2,1,2,*,*
chr7	6006291	N	20	aaaAAAAa-1nAAaAaAa*aAaa	SSJSASS'LSCPSOS)?SSB	5968656,5968656,5968656,5968656,5968656,5968656,5968656,5968656,5968656,5968656,5968656,5968656,*,*,*,*,*,5968656,5968656,*	2,1,2,1,1,2,1,1,2,1,2,1,*,*,*,*,*,1,2,*
chr7	6007291	N	18	tttTTTTtTtTtTTtttt	SHSIIESSISSSASSSSS	5968656,5968656,5968656,5968656,5968656,5968656,5968656,5968656,5968656,*,*,*,*,5968656,5968656,*,*,*	2,1,2,1,1,1,1,2,1,*,*,*,*,1,2,*,*,*
chr7	6008291	N	18	ttTTTtTTtTTtttTttt	PLSFIC*SIASL3;CFIM	5968656,5968656,5968656,5968656,5968656,5968656,5968656,*,*,*,5968656,5968656,*,*,*,*,5968656,5968656	2,1,1,1,1,2,1,*,*,*,1,2,*,*,*,*,1,2
